experience,test_score,interview_score,predicted_salary
1,3,7,45730.1626190549
5,4,3,50567.45168897191
5,5,4,53685.72566073561
10,8,8,80548.35696566931
7,5,9,70433.89581355464
7,4,5,60960.156800294
10,7,3,68956.12960524301
11,9,2,71915.07671576884
2,3,5,44571.05013321899
1,6,7,48729.519492849045
3,7,9,60122.01022876918
